d_id,d_first_name,d_last_name,gender,specialization
401,Isaiah,Mcclain,female,Pediatrics
402,Bernard,Stark,male,Oncology
403,Levi,Ramos,male,Pediatrics
404,Arthur,Fox,female,Orthopedics
405,Nicholas,Mcclure,female,Oncology
406,Cade,Bonner,male,Neurology
407,Mira,Thompson,female,Orthopedics
408,Mari,Mcclure,male,Cardiology
409,April,Castaneda,male,Oncology
410,Byron,Mckee,female,Cardiology
411,Zoe,Cervantes,female,Orthopedics
412,Susan,Crane,male,Oncology
413,Steven,Buckley,male,Pediatrics
414,Cedric,Vega,male,Cardiology
415,Victor,Rivers,female,Neurology
416,Erasmus,Maynard,female,Pediatrics
417,Hyacinth,Valenzuela,female,Oncology
418,Maite,Nguyen,female,Cardiology
419,Jin,French,female,Oncology
420,Driscoll,Chen,male,Neurology
421,Maia,Cherry,male,Pediatrics
422,Chloe,Poole,male,Cardiology
423,Unity,Guzman,male,Pediatrics
424,Kiona,George,male,Cardiology
425,Solomon,Koch,male,Oncology
426,Malik,Velasquez,female,Orthopedics
427,Byron,Sykes,female,Pediatrics
428,Merrill,Garrett,female,Pediatrics
429,Ali,Simon,male,Neurology
430,Virginia,Wall,male,Cardiology
431,Fletcher,Contreras,male,Oncology
432,Nyssa,Peck,male,Oncology
433,Martina,O'Neill,female,Pediatrics
434,Lawrence,Duke,male,Cardiology
435,Kamal,Rodriquez,male,Orthopedics
436,Breanna,Reilly,male,Cardiology
437,Plato,Wells,female,Pediatrics
438,Guinevere,Banks,female,Orthopedics
439,Gillian,Phelps,female,Cardiology
440,Harper,Meadows,male,Cardiology
441,Yasir,Bradley,female,Cardiology
442,Vladimir,Mcgee,female,Cardiology
443,Leigh,Bryan,female,Orthopedics
444,Tarik,Burgess,female,Pediatrics
445,Raya,Kinney,female,Orthopedics
446,Garth,Townsend,female,Orthopedics
447,Belle,Barry,male,Neurology
448,Zeus,Kelley,male,Neurology
449,Alma,Beard,female,Oncology
450,Zahir,Cote,female,Oncology
451,Colin,Bentley,female,Neurology
452,Eaton,Talley,female,Neurology
453,Sasha,Pruitt,female,Pediatrics
454,Xyla,Graves,male,Cardiology
455,Martha,Sullivan,female,Neurology
456,Pearl,Donovan,male,Orthopedics
457,Rhea,Wells,male,Oncology
458,Georgia,Alvarez,female,Neurology
459,Stella,Goodwin,female,Oncology
460,Cadman,Noel,female,Orthopedics
461,Ann,Fuller,male,Pediatrics
462,Melanie,Gordon,male,Oncology
463,Lillith,Griffin,male,Neurology
464,Tara,Pacheco,female,Pediatrics
465,Amber,Roberson,female,Cardiology
466,Willa,Schwartz,female,Neurology
467,Kylynn,Barnett,male,Cardiology
468,Kimberly,Hendrix,female,Oncology
469,Clio,Jenkins,female,Oncology
470,Eaton,Shepherd,male,Pediatrics
471,Clio,Donovan,male,Cardiology
472,Jermaine,Gillespie,male,Cardiology
473,Buckminster,Pierce,female,Oncology
474,Drew,Garza,female,Cardiology
475,Randall,Morse,female,Neurology
476,Aphrodite,Webb,female,Cardiology
477,Rafael,Ruiz,male,Pediatrics
478,Jerome,Chandler,male,Cardiology
479,Laura,Juarez,male,Cardiology
480,Hoyt,Herrera,female,Oncology
481,Perry,Horne,male,Orthopedics
482,Allistair,Morton,female,Orthopedics
483,Karleigh,Peterson,male,Neurology
484,Maxwell,Parsons,male,Oncology
485,Stephanie,Carver,female,Cardiology
486,Meghan,Norton,female,Pediatrics
487,Aretha,Cline,female,Oncology
488,Cole,Vasquez,female,Neurology
489,Vielka,Johns,male,Orthopedics
490,Kalia,Noble,male,Neurology
491,Cain,Mercado,male,Orthopedics
492,Amethyst,Galloway,female,Orthopedics
493,Margaret,Oneil,male,Neurology
494,Sybill,Guerrero,male,Cardiology
495,Caleb,Brennan,male,Cardiology
496,Arsenio,Morse,female,Oncology
497,Unity,Gibbs,female,Orthopedics
498,Sonia,Guy,female,Oncology
499,Miranda,Hinton,female,Oncology
500,Justina,Franks,female,Pediatrics
501,Galvin,Harrison,male,Oncology
502,Tiger,Beach,female,Oncology
503,Anastasia,Bradford,female,Oncology
504,Shafira,Dunlap,male,Oncology
505,Ivan,Quinn,female,Orthopedics
506,Pandora,Manning,female,Oncology
507,Cullen,Campos,male,Oncology
508,Abraham,Owens,female,Pediatrics
509,Armando,Chase,male,Cardiology
510,Kelly,Diaz,female,Neurology
511,Arsenio,Chang,male,Oncology
512,Burton,Beck,female,Pediatrics
513,Dawn,Frazier,female,Orthopedics
514,Zia,Warren,male,Orthopedics
515,Kennedy,Watkins,male,Pediatrics
516,Beatrice,O'donnell,female,Orthopedics
517,Anne,Emerson,male,Oncology
518,Glenna,Gallegos,male,Orthopedics
519,Aurora,Jensen,male,Pediatrics
520,Dexter,Rodgers,male,Cardiology
521,Chancellor,Dejesus,female,Oncology
522,Benjamin,Ball,male,Orthopedics
523,Priscilla,Cameron,female,Neurology
524,Levi,Carpenter,male,Cardiology
525,Danielle,Sherman,female,Oncology
526,Alma,Rivera,male,Orthopedics
527,Jorden,Vang,female,Pediatrics
528,Ethan,Sheppard,male,Orthopedics
529,Porter,Hendricks,male,Neurology
530,Lance,Humphrey,male,Neurology
531,Driscoll,Glover,female,Neurology
532,Baker,Vaughan,female,Cardiology
533,Reuben,Sykes,female,Pediatrics
534,Jade,Mills,male,Orthopedics
535,Warren,Langley,female,Pediatrics
536,Genevieve,Hardin,female,Cardiology
537,Adrian,Cooper,male,Cardiology
538,Risa,Erickson,female,Orthopedics
539,Carolyn,Cooper,male,Neurology
540,Robert,Snider,male,Orthopedics
541,Lara,Moore,male,Neurology
542,Liberty,Zimmerman,male,Neurology
543,Keith,Ramsey,female,Orthopedics
544,Jamalia,Hess,female,Orthopedics
545,Lacy,Wilcox,female,Orthopedics
546,Dane,Carrillo,male,Oncology
547,Lawrence,Montoya,male,Orthopedics
548,Nola,Sargent,male,Orthopedics
549,Ulric,Sweeney,male,Orthopedics
550,Hilary,Frye,male,Pediatrics
551,Samson,Boyle,female,Neurology
552,Eagan,Turner,male,Pediatrics
553,Alden,Burris,male,Pediatrics
554,Skyler,Olsen,female,Pediatrics
555,Moses,Gallagher,male,Orthopedics
556,Yeo,Gates,female,Neurology
557,Rinah,Hardin,female,Neurology
558,Dillon,Mcmillan,male,Neurology
559,Jackson,Santana,male,Orthopedics
560,Yoko,Donaldson,male,Neurology
561,Cain,Avery,male,Cardiology
562,Marsden,Wheeler,male,Oncology
563,Elizabeth,Coleman,male,Pediatrics
564,Leslie,Cash,male,Neurology
565,Vladimir,Sandoval,male,Oncology
566,Mannix,Moses,male,Oncology
567,Allen,Randolph,male,Pediatrics
568,Hollee,Park,male,Cardiology
569,Ezra,Peters,female,Neurology
570,Lee,Byrd,female,Orthopedics
571,Guinevere,Beach,female,Neurology
572,Rose,Watkins,male,Cardiology
573,Brett,Lester,female,Orthopedics
574,Shana,Marshall,male,Orthopedics
575,Shafira,Sanders,female,Orthopedics
576,Abraham,Rosales,male,Oncology
577,Daria,Haynes,female,Oncology
578,Hasad,Sherman,male,Orthopedics
579,Walker,Williams,female,Cardiology
580,Hedley,Moody,female,Cardiology
581,Tatiana,Lowery,female,Pediatrics
582,Macaulay,Barton,male,Orthopedics
583,Leandra,Farmer,male,Pediatrics
584,Conan,Christian,female,Cardiology
585,Emma,Bennett,male,Orthopedics
586,Chloe,Donaldson,female,Oncology
587,Alyssa,Mcintyre,female,Neurology
588,Anne,Moses,female,Cardiology
589,Nash,Simpson,male,Oncology
590,Ignatius,Jenkins,male,Oncology
591,Regan,Shannon,female,Oncology
592,Neville,Rogers,male,Cardiology
593,Berk,Allen,male,Cardiology
594,Magee,Wise,male,Oncology
595,Kerry,Lynn,male,Orthopedics
596,Ryder,Christensen,male,Oncology
597,Dolan,Swanson,male,Orthopedics
598,Xantha,Vang,male,Cardiology
599,Dara,Leonard,male,Cardiology
600,Petra,Webb,male,Orthopedics
601,Elizabeth,Cummings,male,Pediatrics
602,Uriel,York,male,Orthopedics
603,Martina,Pena,male,Oncology
604,Felix,Whitfield,female,Oncology
605,Lane,Bender,male,Cardiology
606,Keane,Marks,male,Orthopedics
607,Anika,Marsh,male,Oncology
608,Samantha,Peterson,female,Orthopedics
609,Camille,Bridges,male,Pediatrics
610,Whilemina,Pennington,male,Pediatrics
611,Wayne,Wilkerson,female,Neurology
612,Hedwig,Gardner,female,Oncology
613,Tatyana,Hatfield,female,Oncology
614,Julie,Burt,female,Oncology
615,Renee,Bates,female,Neurology
616,Dai,Fitzgerald,female,Pediatrics
617,Colette,Hoffman,male,Oncology
618,Caryn,Montgomery,female,Orthopedics
619,Lillian,Murphy,male,Neurology
620,Elmo,Perez,male,Orthopedics
621,Henry,Edwards,male,Oncology
622,Hollee,Ratliff,male,Orthopedics
623,Mechelle,Simon,female,Neurology
624,Mechelle,Spencer,male,Cardiology
625,Shaeleigh,Weaver,female,Pediatrics
626,Maisie,Hines,female,Oncology
627,Malachi,Lyons,female,Orthopedics
628,Eagan,Church,female,Oncology
629,Chastity,Potts,female,Orthopedics
630,Priscilla,Callahan,female,Oncology
631,Karleigh,Duncan,female,Cardiology
632,Brennan,Lang,male,Neurology
633,Yuri,Sellers,female,Oncology
634,Diana,Ellis,male,Cardiology
635,Herrod,Patterson,male,Neurology
636,Forrest,Hanson,male,Neurology
637,Vernon,Clemons,male,Oncology
638,Selma,O'donnell,female,Oncology
639,Lance,Barton,female,Oncology
640,Karen,Lynch,female,Cardiology
641,Larissa,Pratt,male,Cardiology
642,Boris,Doyle,female,Pediatrics
643,Ivy,Ashley,male,Orthopedics
644,Brenden,Morse,male,Cardiology
645,Yoshi,Whitney,female,Pediatrics
646,Sarah,Calderon,male,Orthopedics
647,Sylvester,Phillips,female,Cardiology
648,Erica,Gill,male,Oncology
649,Zahir,Mullins,female,Orthopedics
650,Indira,Barber,male,Pediatrics
651,Megan,Gibbs,female,Orthopedics
652,Leo,Mendez,male,Pediatrics
653,Beck,Gordon,female,Pediatrics
654,Gabriel,Fuller,male,Neurology
655,Avram,Ballard,female,Neurology
656,Abigail,Wiggins,female,Orthopedics
657,Hilda,Lott,female,Cardiology
658,Jasper,Savage,female,Oncology
659,Hayes,Dorsey,female,Neurology
660,Rana,Barnett,female,Orthopedics
661,Abbot,Hall,female,Cardiology
662,Rama,Guthrie,female,Cardiology
663,Iliana,Spence,female,Neurology
664,Logan,Herman,female,Orthopedics
665,Brendan,Richards,male,Pediatrics
666,Bryar,Byrd,male,Neurology
667,Stella,Patrick,female,Neurology
668,Chancellor,Dorsey,female,Neurology
669,Omar,Morton,male,Cardiology
670,Isabella,Lane,male,Cardiology
671,Quin,Mclean,female,Pediatrics
672,Xandra,Lindsay,male,Oncology
673,Risa,Fernandez,female,Cardiology
674,Kameko,Kennedy,female,Oncology
675,Wesley,O'Neill,male,Neurology
676,Kim,Bush,male,Orthopedics
677,Warren,Schroeder,male,Cardiology
678,Ann,Moon,male,Pediatrics
679,Reuben,Bowers,female,Oncology
680,Sade,Logan,male,Orthopedics
681,Brandon,Stuart,female,Pediatrics
682,Linda,Hartman,male,Oncology
683,Justine,Page,male,Neurology
684,Rajah,Gaines,female,Oncology
685,Elvis,Larsen,female,Orthopedics
686,Fritz,Landry,male,Cardiology
687,Bert,Savage,male,Oncology
688,Benjamin,Hines,female,Oncology
689,Neve,Burt,female,Pediatrics
690,Chester,Ayala,male,Neurology
691,Shoshana,Carney,female,Oncology
692,Reed,Hardy,male,Pediatrics
693,Nyssa,Wall,female,Orthopedics
694,Kessie,Wells,male,Pediatrics
695,Colton,Mcdaniel,female,Cardiology
696,Candace,Parsons,female,Neurology
697,Damian,Church,female,Cardiology
698,Rina,Henry,male,Oncology
699,Talon,Glenn,male,Cardiology
700,Zena,Whitley,male,Orthopedics
701,Alec,Oneil,female,Oncology
702,Steel,Farmer,male,Neurology
703,Rana,Alford,male,Cardiology
704,Quamar,Blair,male,Oncology
705,Richard,Underwood,female,Orthopedics
706,Vanna,Sutton,male,Neurology
707,Ciara,Mcgee,female,Cardiology
708,Ruby,Hull,male,Cardiology
709,Jacqueline,Campbell,female,Pediatrics
710,Myles,Shepard,male,Neurology
711,Aristotle,Sanders,female,Cardiology
712,Alma,Sexton,female,Orthopedics
713,Cynthia,Cobb,female,Oncology
714,TaShya,Gillespie,female,Oncology
715,Neville,Walls,female,Oncology
716,Quin,Fry,male,Pediatrics
717,Debra,Castro,female,Orthopedics
718,Stephanie,Franco,male,Pediatrics
719,Hiroko,Terrell,female,Orthopedics
720,Stella,Ingram,female,Pediatrics
721,Kyle,Gonzales,male,Pediatrics
722,Roary,Williamson,female,Orthopedics
723,Marshall,Bryan,male,Pediatrics
724,Noelle,Walker,female,Pediatrics
725,Dean,Bauer,female,Orthopedics
726,Jermaine,Beard,female,Neurology
727,Lev,Dominguez,female,Oncology
728,Unity,Santana,female,Neurology
729,Peter,Golden,female,Neurology
730,Rae,Jacobson,female,Orthopedics
731,Zoe,Hickman,female,Cardiology
732,Dacey,Nunez,female,Neurology
733,Cara,Hoffman,male,Pediatrics
734,Leah,Glenn,female,Oncology
735,Ivor,Larsen,female,Cardiology
736,Jolie,Mcgee,male,Pediatrics
737,Lara,Herring,female,Pediatrics
738,Ciara,Dominguez,male,Oncology
739,Gary,Hernandez,female,Oncology
740,Evelyn,Watts,female,Neurology
741,Mia,Holt,male,Cardiology
742,Leah,Hammond,female,Pediatrics
743,Quinn,Padilla,female,Orthopedics
744,Halee,Wilcox,male,Neurology
745,Dawn,Dunlap,male,Neurology
746,Kirby,O'donnell,female,Neurology
747,Vivian,Craig,male,Pediatrics
748,Brenden,Mathews,female,Oncology
749,Lisandra,Solomon,female,Oncology
750,Lara,Ramos,female,Pediatrics
751,Ebony,Pugh,male,Neurology
752,Echo,Shepherd,male,Orthopedics
753,Eugenia,Nichols,male,Oncology
754,Amal,Strong,female,Pediatrics
755,Joshua,Bright,male,Orthopedics
756,Camilla,Bolton,female,Orthopedics
757,Nomlanga,Murphy,female,Oncology
758,Amaya,Ramsey,female,Pediatrics
759,Burton,Riddle,female,Neurology
760,Martin,Carroll,female,Pediatrics
761,Remedios,Bolton,female,Oncology
762,Karyn,Joseph,male,Cardiology
763,Kareem,Parrish,female,Cardiology
764,Phoebe,Kline,male,Cardiology
765,Ciara,Carrillo,female,Pediatrics
766,Orson,Tyson,female,Cardiology
767,Kaseem,Wilkinson,female,Oncology
768,Sylvester,Wheeler,female,Oncology
769,Raphael,Dawson,female,Neurology
770,Vivian,Campos,female,Oncology
771,Inez,Day,male,Oncology
772,Nigel,Robles,male,Orthopedics
773,Garrison,Avery,female,Oncology
774,Oleg,Walters,female,Neurology
775,Upton,Garza,female,Oncology
776,Raphael,Leon,male,Neurology
777,Portia,Cote,male,Cardiology
778,Courtney,Raymond,male,Orthopedics
779,Ahmed,French,male,Neurology
780,Yvonne,Nunez,male,Orthopedics
781,Xander,Cotton,male,Neurology
782,Whilemina,Rush,male,Orthopedics
783,Jeanette,Faulkner,male,Pediatrics
784,Aimee,Cleveland,male,Pediatrics
785,Curran,Roberts,male,Orthopedics
786,Christine,Flynn,female,Cardiology
787,Ezekiel,Colon,male,Orthopedics
788,Kennan,Fitzpatrick,female,Neurology
789,Stuart,Newton,male,Neurology
790,Samantha,Bowman,female,Pediatrics
791,Dustin,Townsend,female,Oncology
792,Thane,House,female,Orthopedics
793,Malachi,Collier,female,Pediatrics
794,Forrest,Gentry,female,Orthopedics
795,Ferdinand,Farley,female,Orthopedics
796,Norman,Dawson,female,Cardiology
797,Hilda,Fowler,female,Neurology
798,Derek,Carlson,female,Orthopedics
799,Keiko,Hansen,female,Pediatrics
800,Jade,Harris,male,Cardiology
